# SELECT with no table.

query I
SELECT 1
----
1

query II colnames
SELECT 1+1 AS two, 2+2 AS four
----
two four
2   4

# SELECT expression tests.

statement ok
CREATE TABLE abc (a INT PRIMARY KEY, b INT, c INT)

statement ok
INSERT INTO abc VALUES (1, 2, 3)

query III colnames
SELECT * FROM abc
----
a b c
1 2 3

query IIIIII colnames
SELECT *,* FROM abc
----
a b c a b c
1 2 3 1 2 3

query IIII colnames
SELECT a,a,a,a FROM abc
----
a a a a
1 1 1 1

query II colnames
SELECT a,c FROM abc
----
a c
1 3

query I colnames
SELECT a+b+c AS foo FROM abc
----
foo
6

# SELECT of NULL value.

statement ok
CREATE TABLE kv (k CHAR PRIMARY KEY, v CHAR)

statement ok
INSERT INTO kv (k) VALUES ('a')

query TT
SELECT * FROM kv
----
a NULL

query TT
SELECT k,v FROM kv
----
a NULL

query T
SELECT v||'foo' FROM kv
----
NULL

query T
SELECT LOWER(v) FROM kv
----
NULL

query T
SELECT k FROM kv
----
1 value hashing to 60b725f10c9c85c70d97880dfe8191b3

query TT
SELECT kv.K,KV.v FROM kv
----
a NULL

query TT
SELECT kv.* FROM kv
----
a NULL

query error table "foo" not found
SELECT foo.* FROM kv
----

query error "*" with no tables specified is not valid
SELECT *
----

query error "kv.*" cannot be aliased
SELECT kv.* AS foo FROM kv
----

query error invalid column name: bar.kv.*
SELECT bar.kv.* FROM kv
----

query T colnames
SELECT FOO.k FROM kv AS foo WHERE foo.k = 'a'
----
k
a

query T
SELECT "Foo"."V" FROM kv AS foo WHERE foo.k = 'a'
----
NULL

statement ok
CREATE TABLE kw ("from" INT PRIMARY KEY)

statement ok
INSERT INTO kw VALUES (1)

query I colnames
SELECT *, "from", kw."from" FROM kw
----
from from from
1    1    1

# SELECT from index.

statement ok
CREATE TABLE xyz (
  x INT PRIMARY KEY,
  y INT,
  z INT,
  CONSTRAINT foo INDEX (z, y)
)

statement ok
INSERT INTO xyz VALUES (4, 5, 6), (1, 2, 3);

query II
SELECT * FROM xyz@foo
----
3 2
6 5

query I
SELECT z FROM test.xyz@foo WHERE y = 5
----
6

query I
SELECT foo.y FROM test.xyz@foo WHERE z = 3
----
2

query error table "unknown" does not exist
SELECT z FROM test.unknown@foo WHERE y = 5
----

query error index "unknown" not found
SELECT z FROM test.xyz@unknown WHERE y = 5
----

query error qualified name "foo.x" not found
SELECT x FROM test.xyz@foo WHERE y = 5
----
